PM2.5,PM10,NO2,NH3,CO,SO2,O3,AQI,Remark
88.76,129.06,26,10.28,0.14,26.96,117.44,197,Moderate
64.18,135.32,30.85,12.91,0.11,33.59,111.81,198,Moderate
72.47,104.09,28.07,11.42,0.09,19,138.18,188,Moderate
69.8,114.84,23.2,12.25,0.16,10.55,109.74,173,Moderate
73.96,114.86,20.17,10.95,0.12,14.07,118.09,165,Moderate
89.9,113.56,19.29,10.95,0.1,13.9,123.8,191,Moderate
87.14,140.2,26.19,13.12,0.1,19.37,128.73,191,Moderate
84.64,130.52,21.31,14.36,0.15,11.41,114.8,227,Poor
88.36,125,26.98,14.41,0.18,9.84,112.41,168,Moderate
96.83,121.77,20.23,13.72,0.12,14.02,117.93,198,Moderate
117.46,139.36,25.65,15.12,0.11,16.54,117.21,201,Poor
122.88,181.64,41.1,17.34,0.13,28.79,94.63,252,Poor
74.28,208.86,54.87,17.96,0.27,22.97,68.6,310,Very Poor
50.32,141.22,44.97,15.73,0.09,21.9,60.62,196,Moderate
58.47,102.77,33.85,12.56,0.1,13.65,68.15,132,Moderate
89.35,115.27,41.64,15.2,0.16,18.37,73.75,147,Moderate
64.42,131.48,42.1,21.24,0.24,7.42,44.67,179,Moderate
69.4,99.74,34.78,17.63,0.15,5.81,50.16,145,Moderate
71.07,98.94,29.97,19.34,0.14,5.8,55,115,Moderate
79.76,109.65,25,16,0.1,8.33,79.04,140,Moderate
108.06,129.81,40.92,15.56,0.17,8.51,73.17,156,Moderate
100.75,167.62,47.05,18.52,0.08,16.05,70.74,225,Poor
106.25,172.04,53.94,18.49,0.11,14.05,59.2,251,Poor
83.79,171.56,43.09,19.66,0.13,15.45,66.9,228,Poor
79.98,141.83,47.47,17.37,0.3,13.35,77.54,223,Poor
76.27,147.74,49.55,17.28,0.14,13.58,79.71,170,Moderate
86.5,152.59,56,19.53,0.15,29.88,56.97,165,Moderate
100.62,147.95,42,20.78,0.15,11.85,73.09,159,Moderate
110.73,167.75,47.68,23.68,0.22,10.85,62.78,232,Poor
107.7,171.47,31.06,21.66,0.1,12.23,76.07,242,Poor
104.81,170.21,43.54,22.52,0.17,18.07,64.6,274,Poor
89.95,192.2,63.48,21.06,0.23,17.01,63.87,259,Poor
74.58,175.16,64.53,18.87,0.27,15.52,62.49,225,Poor
56.68,138.6,46.65,18.2,0.17,9.47,67.11,177,Moderate
61.03,109.33,33.26,16.86,0.1,8.26,66.91,120,Moderate
59.03,131.62,39.5,17.82,0.08,11.45,61.91,120,Moderate
61.88,108.83,23.36,18.03,0.09,26.05,87.55,120,Moderate
71.57,109.82,23.14,19.57,0.09,12.81,81.38,132,Moderate
92.44,137.48,39.99,25.61,0.09,16.82,80.3,136,Moderate
92.9,174.75,53.79,19.45,0.11,16.93,71.09,182,Moderate
85.15,162.69,56.39,21.02,0.08,23.11,68.79,222,Poor
81.47,151.97,61.55,18.71,0.07,11.86,90.8,230,Poor
81.58,145.68,46.9,20.18,0.07,9.63,96.49,224,Poor
79.56,132.66,34.93,21.59,0.09,12.81,118.91,217,Poor
87.43,146.64,37.58,17.71,0.05,17.77,137.61,230,Poor
87.33,155.95,37.31,22.35,0.1,13.4,121.72,229,Poor
110.39,153.97,42.52,23.66,0.08,35.39,106.17,229,Poor
77.51,182.54,52.24,24.74,0.04,36.01,82.2,235,Poor
86.96,125.01,36.41,20.06,0.05,14.36,72.16,214,Poor
76.29,129.99,28.32,21.23,0.05,4.83,62.6,186,Moderate
67.06,115.53,21.35,20.38,0.05,8.75,69.99,172,Moderate
68.34,100.34,20.25,18.78,0.06,4.7,54.92,138,Moderate
66.28,104.45,26.26,20.29,0.06,6.43,45.63,125,Moderate
64.98,117.3,45.13,21.68,0.05,7.21,45.97,132,Moderate
75.46,116.14,45.4,21.32,0.06,8.83,50.28,111,Moderate
81.58,132.84,56.53,21.88,0.13,30.48,51.98,137,Moderate
78.27,141.85,38.15,19.33,0.05,11.04,59.76,172,Moderate
79.01,142.86,45.36,19.12,0.06,10.32,58.53,160,Moderate
77.98,138.14,45.43,20.29,0.06,10.18,58.04,163,Moderate
77.96,137.31,44.96,21.11,0.06,7.22,50.69,165,Moderate
79.04,155.73,59.92,23.45,0.06,31.01,40.77,139,Moderate
77.78,143.38,43.61,26,0.08,8.67,45.46,176,Moderate
76.48,131.14,43.84,26.3,0.09,7.62,43.26,162,Moderate
74.2,131.86,33.37,22.05,0.06,7.49,45.71,160,Moderate
78.23,135.97,35.82,20.24,0.07,12.16,53,142,Moderate
68.53,140.66,45.76,21.73,0.05,12.45,45.35,172,Moderate
62.08,147.48,61.52,19.74,0.04,23.68,37.99,134,Moderate
50.64,152.59,62.18,19.42,0.05,8.97,34.93,136,Moderate
44.21,130.36,45.52,19.89,0.07,10.61,40.57,130,Moderate
50.71,119.52,34.37,23.31,0.07,5.86,31.73,111,Moderate
42.27,115.65,35.16,11.19,0.06,8.16,32.58,117,Moderate
39.41,100.54,30.69,13.4,0.66,8.99,32.18,102,Moderate
50.56,101.1,28.53,17.9,0.81,5.86,28.72,108,Moderate
50.54,116.89,37.27,11.05,0.97,5.25,23.36,99,Satisfactory
26.22,120.05,26.96,13.02,0.9,17.9,36.66,121,Moderate
31.83,62.82,20.1,12.32,0.61,8.25,23.74,86,Satisfactory
70.26,66.74,16.83,11.9,0.61,5.87,24.72,57,Satisfactory
59.47,112.29,11.87,13.05,0.62,7.29,31.4,107,Moderate
58.71,99.73,12.85,11.94,0.68,7.62,30.57,118,Moderate
56.29,99.04,13.88,11.99,0.86,6.89,36.2,110,Moderate
50.41,107.96,16.71,10.89,0.95,12.91,48.39,114,Moderate
57.53,118.62,25.6,20.24,0.69,11.81,33.46,111,Moderate
43.82,128.81,25.03,33.72,0.78,25.39,31.15,117,Moderate
42.71,97.19,16.01,22.52,0.67,17.62,27.62,107,Moderate
54.73,80.24,17.35,24.68,0.49,9.53,30.68,87,Satisfactory
50.91,94.12,12.79,22.79,0.58,8.21,30.21,89,Satisfactory
38.5,99.84,16.33,23.18,0.64,10.34,26.24,97,Satisfactory
32.21,106.7,16.82,19.54,0.58,11.02,26.62,100,Satisfactory
35.36,107.43,17.33,18.13,0.6,11.81,24.84,105,Moderate
59.65,107.25,17.75,16.57,0.85,10.87,23.99,114,Moderate
39.52,127.26,19.14,20.46,0.7,10.82,21.64,116,Moderate
43.08,113.31,21.18,18.5,0.81,15.02,18.8,116,Moderate
38.1,116.06,19.02,22.46,0.79,22.7,25.64,108,Moderate
33.08,97,22.21,19.27,0.79,13.89,22.73,100,Satisfactory
29.7,83.16,18.83,14.52,0.72,8.98,23.63,92,Satisfactory
38.67,77.45,17.33,12.72,0.65,9.71,29.26,80,Satisfactory
30.04,82.67,22.81,12.41,0.66,12.63,22.9,88,Satisfactory
39.72,83.07,24.74,12.52,0.78,8.98,17.81,83,Satisfactory
38.21,103.81,26.29,14.03,0.81,9.68,17.53,100,Satisfactory
58.31,78.95,19.03,14.15,0.75,8.03,22.81,81,Satisfactory
62.49,124.64,28.85,14,1.03,10.21,22.24,112,Moderate
49.04,113.56,22.65,16.53,0.91,12.68,26.26,113,Moderate
41.67,102.46,19.92,14.09,0.64,6.82,26.52,105,Moderate
32.44,80.09,13.08,13.51,0.78,8.35,30.38,88,Satisfactory
26.43,75.3,19.07,12.65,0.68,7.75,21.52,78,Satisfactory
25.08,80.85,20.82,11.64,0.72,9.43,16.52,78,Satisfactory
26.09,60.67,15.22,14.1,0.56,8.63,13.8,69,Satisfactory
16.62,63.05,10.42,10.74,0.58,11.33,21.38,60,Satisfactory
49.58,39.94,8.18,11.53,0.58,6.37,12.68,51,Satisfactory
43.52,82.95,19.05,13.47,0.7,12.47,20.32,61,Satisfactory
39.83,80.01,20.43,13.75,0.8,10.57,23.36,90,Satisfactory
36.89,76.09,14.37,13.34,0.7,8.89,23.13,74,Satisfactory
52.69,76.61,18.83,13.96,0.57,7.04,13.58,76,Satisfactory
46.48,94.25,14.44,15.35,0.59,16.81,19.03,92,Satisfactory
44.22,95.41,14.79,15.02,0.6,15.55,21.04,93,Satisfactory
35.91,77.62,8.53,14.58,0.73,9.61,23.87,88,Satisfactory
39.05,71.26,6.99,13.53,0.67,3.69,27.58,75,Satisfactory
30.21,81.51,9.86,10.94,0.68,7.26,23.74,79,Satisfactory
31.14,67.22,11.29,11.24,0.58,13.19,20.89,74,Satisfactory
26.82,60.35,10.36,11.8,0.83,14.42,20.99,62,Satisfactory
26.34,52.51,7.68,11.54,0.69,13.63,23.6,53,Satisfactory
28.48,52.07,8.43,9.3,0.57,18.83,23.6,53,Satisfactory
21.83,55.8,6.86,10.49,0.64,12.97,24.19,55,Satisfactory
24.23,52.92,5.28,7.53,0.55,8.3,23.34,52,Satisfactory
22.29,52.06,14.33,8.17,0.56,9.95,23.86,55,Satisfactory
25.28,55.96,11.27,10.88,0.67,8.08,19.63,56,Satisfactory
19.68,54.59,9.65,12.44,0.72,8.7,19.64,56,Satisfactory
24.4,45.57,6.63,8.44,0.69,5.86,14.34,52,Satisfactory
20.05,70.25,10.84,10.27,0.74,7.4,13.13,76,Satisfactory
23.72,79.5,13.54,9.77,0.65,10.35,34.29,76,Satisfactory
26.12,55.74,8.86,10.54,0.81,6.71,19.29,81,Satisfactory
7.16,56.77,11.71,9.83,0.5,6.88,14.32,59,Satisfactory
7.97,26.39,5.22,8.62,0.59,6.62,14.29,46,Good
6.48,33.2,6.48,8.66,0.61,6.01,11.52,40,Good
7.2,23.83,3.54,8.32,0.47,5.97,11.63,33,Good
8.27,34.11,5.73,7.23,0.5,7.01,18.9,49,Good
9.21,27.27,5.86,6.04,0.53,6.69,7.51,32,Good
19.78,27.62,3.26,6.59,0.44,6.91,11.95,42,Good
8.85,49.86,4.9,6.3,0.66,7.64,23.67,53,Satisfactory
18.48,30.54,3.86,5.01,0.36,5.44,20.73,47,Good
11.04,62.52,12.71,6.68,0.76,7.38,17.57,79,Satisfactory
9.74,38.34,5.11,6.78,0.48,6.21,16.31,47,Good
10.35,33.83,4.84,5.66,0.66,7.51,12.65,51,Satisfactory
22.81,30.98,5.55,4.43,1.01,5.38,7.55,52,Satisfactory
28.54,53.85,6.96,5.76,0.8,7.09,34.26,88,Satisfactory
18.46,56.36,22.75,8.96,0.85,7.28,32.62,78,Satisfactory
23.9,39.45,14.17,12.76,0.49,6.37,30.3,90,Satisfactory
14.42,37.71,26.74,12.69,0.56,6.01,12.46,43,Good
12.42,36.29,6.9,7.77,0.43,9.19,35.44,55,Satisfactory
16.78,36.29,10.28,4.63,0.51,5.82,36.88,52,Satisfactory
19.77,42.22,5.94,7.82,0.4,7.31,50.24,84,Satisfactory
22.63,62.11,10,9.3,1.03,12.02,43.79,95,Satisfactory
15.2,54.13,14.93,9.67,0.26,9.43,41.32,58,Satisfactory
9.58,45.09,9.26,8.99,1.18,6.82,54.21,125,Moderate
25.62,28.33,9.05,13.54,0.59,7.27,122.21,192,Moderate
40.32,56.44,13.88,11.52,0.48,7.3,44.62,86,Satisfactory
13.07,66.25,11.3,10.61,0.5,7.57,24.35,62,Satisfactory
16.56,37.35,8.59,9.78,0.46,6.09,29.05,78,Satisfactory
19.57,41.96,7.25,9.48,0.41,6.48,62.01,114,Moderate
30.96,44.72,7.72,10.79,0.34,5.99,64.58,103,Moderate
32.1,72.18,10.82,11.18,0.36,11.72,82.13,134,Moderate
31.82,83.29,10.17,9.85,0.29,6.4,105.09,168,Moderate
37.5,74.79,9.57,9.97,0.32,9.41,100.6,150,Moderate
23.25,84.96,11.57,10.06,0.57,4.53,79.11,127,Moderate
27.42,61.1,15.21,9.62,0.43,9.78,57.54,106,Moderate
31.26,57.28,19.38,7.89,0.32,6.83,77.6,129,Moderate
28.12,72.82,10.78,9.02,0.4,7.7,100.25,136,Moderate
32.33,70.21,13.18,11.27,0.38,7.28,126.43,155,Moderate
19.29,55.74,18.42,13.99,0.51,6.22,44.58,87,Satisfactory
17.99,31.22,13.9,17.3,0.42,5.87,65.87,84,Satisfactory
12.72,29.24,10.45,14.89,0.32,6.37,63.95,85,Satisfactory
13.65,24.79,9.03,10.79,0.4,5.82,72.26,91,Satisfactory
17.64,35.39,6.11,9.14,0.46,7.1,60.03,76,Satisfactory
23.43,47.81,10.06,9.74,0.49,5.81,46.41,60,Satisfactory
25.92,57.11,13.82,10.29,0.79,6.68,46.96,69,Satisfactory
32.7,68.27,15.08,9.72,0.61,6.36,36.27,64,Satisfactory
31.58,103.88,11.83,11.4,0.55,8.41,47.71,98,Satisfactory
22.9,107.31,13.57,13.41,1.13,8.66,62.14,128,Moderate
24.23,69.96,10.96,10.54,0.75,5.29,61.1,113,Moderate
17.92,78.11,8.32,10.85,0.98,9,59.68,87,Satisfactory
17.38,68.72,7.85,10.72,0.46,6.66,52.83,79,Satisfactory
19.06,55.59,9.13,9.36,0.84,6.18,54.36,69,Satisfactory
18.81,59.46,11.31,10.32,1.02,5.43,62.58,78,Satisfactory
18.69,55.66,11.7,11.32,1.01,5.53,62.72,88,Satisfactory
17.85,50.06,12.39,12.21,0.81,7.62,68.32,101,Moderate
18.09,43.47,11.42,11.67,1.05,6.86,63.17,80,Satisfactory
18.93,45.11,7.26,9.25,1,6.14,64.6,89,Satisfactory
16.86,60.89,7.4,10.94,0.55,6.76,50.27,71,Satisfactory
16.85,48.26,8.54,10.01,0.52,7.12,50.39,68,Satisfactory
16.46,54.97,10.6,11.26,0.57,7.55,43.4,56,Satisfactory
18.4,33.5,17.41,11.74,0.61,4.72,40.44,65,Satisfactory
20.31,49.43,13.66,13.37,0.38,5.51,48,66,Satisfactory
23.99,49.14,12.76,12.81,0.41,7.54,61.59,96,Satisfactory
20.36,46.59,16.64,15.06,0.51,5.01,46.14,68,Satisfactory
15.08,41.99,15.53,13.73,0.52,6.62,53.13,76,Satisfactory
19.42,38.79,13.96,10.28,0.4,4.9,44.36,70,Satisfactory
13.93,69.33,13.23,10.96,0.41,5.6,47.28,75,Satisfactory
18.29,48.97,10.72,11.11,0.33,6.52,44.77,73,Satisfactory
17.25,41.01,17.63,13.21,0.63,6.53,37.35,85,Satisfactory
13.43,32.02,6.82,11.04,0.37,4.65,65.23,83,Satisfactory
16.83,26.94,5.31,9.79,0.46,5.17,54.03,73,Satisfactory
18.16,38.25,7.43,9.56,0.37,5.69,61.43,75,Satisfactory
16.89,38.17,6.81,10.87,0.36,5.36,53.27,63,Satisfactory
15.95,30.98,6.37,10.19,0.39,6.75,54.84,62,Satisfactory
14.05,25.24,7.16,16.27,0.64,8.77,37.76,79,Satisfactory
9.85,30.86,7.74,13.78,0.16,6.45,30.33,37,Good
8.68,29.97,7.5,15.05,0.4,6.02,21.63,35,Good
7.5,26.62,5.01,12.07,0.31,6.29,19.52,31,Good
7.75,24.01,6.56,11.23,0.3,7.42,20.89,29,Good
10.45,28.62,8.7,13.07,0.44,10.4,25.38,32,Good
12.7,41.47,11.13,14.62,0.47,9.94,28.24,39,Good
14.48,49.26,9.81,11.05,0.42,8.98,32.3,48,Good
17.96,35.5,12.77,12.61,0.5,9.81,24.28,42,Good
16.87,47.61,14.95,14.75,0.69,6.51,32.73,73,Satisfactory
17.42,50.6,7.8,14.92,0.38,12.46,31.82,59,Satisfactory
17.79,56.44,16.26,15.6,0.47,11.83,28.85,55,Satisfactory
18.75,68.97,16.25,14.24,0.62,10.42,26.08,86,Satisfactory
11.92,82.27,15.45,16.15,0.55,9.13,27.44,100,Satisfactory
17.74,46.76,7.75,16.19,0.57,10.97,29.93,85,Satisfactory
21.78,80.26,20.1,18.23,0.49,10.98,27.33,57,Satisfactory
28.31,76.32,20.63,18.8,0.44,9.64,25.7,85,Satisfactory
27.1,98.01,24.83,18.71,0.54,6.69,31.12,85,Satisfactory
20.21,112.48,23.91,21.23,0.47,12.6,23.43,106,Moderate
18.52,91.71,16.41,18.05,0.34,6.74,29.91,100,Satisfactory
25.59,51.48,18.33,20.07,0.43,12.46,28.73,68,Satisfactory
21.79,70.1,21.95,21.89,0.5,8.64,26.4,61,Satisfactory
24,75.21,15.65,19.74,0.38,11.1,30.57,71,Satisfactory
18.47,80,28.8,35.2,0.95,2.9,17.6,77,Satisfactory
16.73,52.91,16.89,16.57,0.8,11.49,22.14,111,Moderate
18.72,40.15,16.05,19.69,0.44,9.02,20.11,47,Good
11.39,57.71,25.46,22.11,0.42,12.33,18.28,47,Good
10.62,28.72,11.2,24.46,0.39,9.47,21.17,48,Good
8.1,19.96,9.32,17.43,0.59,10.32,14.62,49,Good
9.28,15.83,8.58,11.88,0.77,8.72,14.52,50,Good
7.45,16.42,7.85,14.27,0.92,8.12,12.29,57,Satisfactory
15.32,20.5,8.92,14.63,0.88,8.35,16.01,60,Satisfactory
8.84,45.04,10.48,15.07,0.88,8.93,14.12,52,Satisfactory
11.39,23.71,6.74,18.92,0.95,8.39,21.01,54,Satisfactory
12.51,24.61,7.96,13.6,0.96,11.82,26.34,63,Satisfactory
8.71,32.52,6.6,14.61,0.86,9.47,28.28,53,Satisfactory
11.3,14.17,6.04,20.04,1.03,8.12,22.3,56,Satisfactory
7,27.28,11.69,9.62,1.2,9.05,24.93,112,Moderate
15.76,7.8,7.66,17.12,1.08,8.39,17.77,75,Satisfactory
18.79,40.74,19.03,16.38,1.36,9.46,23.34,89,Satisfactory
15.05,60.26,20.45,18.52,1.1,10.01,22.54,76,Satisfactory
10.1,43.47,14.59,19.91,0.95,10.12,22.85,78,Satisfactory
14.43,23.92,13.33,19.26,0.87,9.24,20.67,66,Satisfactory
22.65,43.47,16.04,17.73,0.95,9.76,24.54,61,Satisfactory
28.45,57.46,16.8,19.88,1.18,8.89,29.44,83,Satisfactory
24.94,81.89,19.36,20.7,1.39,9.78,29.76,87,Satisfactory
26.24,69.22,19.99,20.42,1.4,11.98,28.1,97,Satisfactory
30.6,62.75,21.34,24.55,1.68,11.17,27.98,98,Satisfactory
21.81,76.16,24.63,22.37,1.71,11.64,24.36,99,Satisfactory
24.22,78.68,23.75,21.76,1.64,11.8,29.05,94,Satisfactory
19.82,86.08,26.49,21.11,1.68,11.54,26.93,98,Satisfactory
25.11,71.36,17.14,20.62,1.82,12.89,29.25,102,Moderate
31.3,81.43,21.87,16.71,1.57,11.73,31.81,96,Satisfactory
27.1,101.05,25.22,18.06,1.48,11.06,35.61,90,Satisfactory
33.28,89.38,21.31,23.69,1.54,10.21,28.77,106,Moderate
40.66,75.5,32.4,23.03,1.11,8.91,30.15,88,Satisfactory
40.56,82.62,23.58,21.37,0.76,10.9,38.55,103,Moderate
37.93,66.97,17.56,22.66,0.62,11.29,37.87,76,Satisfactory
31.64,67.4,20.86,19.44,0.78,8.91,34.81,68,Satisfactory
22.12,69.39,18.65,24.14,0.66,9.58,39.56,75,Satisfactory
29.25,34.83,16.1,18.14,1.34,10.48,41.51,89,Satisfactory
38.32,52.84,17.41,17.82,0.81,11.24,42.2,79,Satisfactory
35.02,80.97,26.27,18.04,0.65,13.38,25.95,65,Satisfactory
24.29,71.42,21.04,19.86,0.74,6.28,41.37,80,Satisfactory
19.69,50.33,13.45,18.22,0.97,14.1,47.86,81,Satisfactory
18.81,50.18,12.18,16.71,0.43,12.28,27.91,52,Satisfactory
26.13,50.51,14.01,15.48,0.92,14.67,20.67,89,Satisfactory
24.08,60.44,22.94,19.43,0.82,27,30.84,59,Satisfactory
21.81,45.81,27.49,18.56,0.84,13.47,27.49,62,Satisfactory
14.58,37.31,28.22,19.6,0.62,17.33,25.36,52,Satisfactory
8.98,41.04,15.29,15.78,0.85,14.92,20.11,61,Satisfactory
9.7,37.07,12.51,18.93,0.75,8.48,21.47,49,Good
25.88,30.1,13.81,16.77,0.72,7.25,14.92,48,Good
49.7,56.44,17.79,15.01,0.84,12.41,27.48,56,Satisfactory
68.66,109.35,25.91,17.96,0.76,14.31,46.63,80,Satisfactory
65.16,163.06,36.24,26.12,0.86,10.92,28.42,121,Moderate
52.88,184.84,52.69,18.53,1.07,25.5,37.46,142,Moderate
40.99,172.08,26.45,21.36,0.81,31.74,57.33,154,Moderate
47.2,122.69,29.54,17.01,0.6,24.37,44.5,130,Moderate
39.22,116.44,28.13,19.97,0.88,16.73,36.92,109,Moderate
36.86,102.6,24.58,22.01,0.95,10.6,25.73,113,Moderate
34.41,76.61,27.36,20.86,1.09,9.33,21.11,91,Satisfactory
22.05,72.03,25.38,19.19,1.07,10.8,21.99,77,Satisfactory
71.31,48.93,18.92,19.77,0.94,10.51,26.78,80,Satisfactory
63.54,155.98,25.88,14.58,1.29,11.32,34.32,149,Moderate
56.53,130.58,25.81,15.53,1.17,19.34,47.53,133,Moderate
69.42,128.8,36.38,16.01,1.18,13.43,41.17,122,Moderate
53.53,167.05,45.82,14.06,1.35,23.42,39,133,Moderate
48.33,119.1,38.23,13.73,0.88,15.52,37.22,133,Moderate
58.65,115.41,36.77,15.37,1.16,28.74,37.42,118,Moderate
12.7,125.68,36.24,14.82,1.26,14.54,31.09,118,Moderate
16.86,38.49,30.66,1.62,0.89,8.59,23.45,75,Satisfactory
21.58,36.56,26.48,2.72,0.55,10.19,21.33,45,Good
23.22,68.71,39.44,3.41,0.73,10.43,19.42,61,Satisfactory
28.39,64.84,39.56,2.15,0.89,10.33,21.33,86,Satisfactory
51.51,71.27,45.23,0.3,1.04,10.36,35.14,70,Satisfactory
56.85,111.28,57.93,2.03,1.07,12.3,26.53,105,Moderate
68.25,115.5,62.91,2.73,0.82,18.89,27.44,106,Moderate
84.48,129.41,65,3.53,1.22,25.14,30.3,120,Moderate
77.38,164.24,80.74,3.19,1.21,30.44,33.39,156,Moderate
71.23,173.47,75.54,4.88,1.15,30.69,35.94,182,Moderate
16.21,160.66,89.44,3.45,1.48,38.91,32.4,144,Moderate
19.48,48,43.42,8.82,0.87,7.51,17.51,64,Satisfactory
26.8,46.57,35.92,10.76,0.84,7.49,15.47,56,Satisfactory
48.35,66.67,38.81,9.87,1.03,9.65,22.63,80,Satisfactory
50.02,100.01,38.27,10.18,1.07,12.15,35.86,88,Satisfactory
85.11,100.82,47.93,7.09,0.89,16.66,43.61,102,Moderate
93.95,183.15,97.16,3.61,1.28,17.17,37.99,189,Moderate
80.96,190.73,105.22,3.81,1.81,20.78,39.9,190,Moderate
77.86,152.44,89.01,2.95,1.51,15.71,41.41,215,Poor
70.89,159.49,90.28,4.66,1.16,14.21,22.45,145,Moderate
74.34,125.4,68.12,1.79,1.17,13.87,29.82,160,Moderate
97.09,129.57,69.78,3.38,1.09,14.03,33.95,130,Moderate
89.63,143.69,86.95,1.52,1.11,13.62,33.03,176,Moderate
100.1,137.58,76.89,10.9,1.6,14.31,32.5,245,Poor
110.12,155.25,92.4,6.31,0.76,10.86,27.99,209,Poor
111.21,172.67,92.9,8.66,1.37,11.12,33.26,256,Poor
107.24,170.04,76.7,10.99,1.47,10.17,31.17,266,Poor
89.07,162.72,72.27,13.91,1.14,9.58,28.5,276,Poor
93.1,160.83,72.19,17.31,1.23,11.7,29.51,218,Poor
90.61,163.9,77.58,16.59,0.97,13.75,33.59,206,Poor
96.57,164.19,74.89,16.85,1.07,17.68,31.59,180,Moderate
78.15,174.31,57.77,18.28,1.1,23.81,39.75,217,Poor
19.26,137.52,50.62,20.78,0.96,23.87,26.46,211,Poor
10.89,22.54,30.38,21.15,0.7,10.94,18.91,90,Satisfactory
16.38,19.98,28.6,22.45,0.45,12.41,17.5,49,Good
48.88,33.04,39.69,23.12,0.67,44.59,19.12,46,Good
55.24,84.99,63.12,19.24,0.94,29.45,23.97,81,Satisfactory
83.4,81.9,55.65,17.93,1.17,13.62,27.34,89,Satisfactory
93.78,121.25,46.47,20.01,1,12.32,32.68,136,Moderate
92.72,142.65,67.51,19.51,1.34,42.75,29.16,199,Moderate
76.48,135.61,77.45,19.49,1.16,20.19,24.79,221,Poor
73.19,114.53,69.63,18.65,1.08,13.32,24.73,178,Moderate
82.53,127.1,69.17,21.66,0.92,25.43,22.5,119,Moderate
95.18,145.06,67.17,21.34,1.01,28.57,24.03,153,Moderate
79.29,154.73,76.4,15.29,1.34,33.25,30.68,202,Poor
83.17,136.71,74.24,15.82,1.1,40.52,28.79,191,Moderate
109.97,140.9,83.38,15.16,1.09,30.85,24.84,183,Moderate
139.38,189.28,124.57,10.65,1.38,48.92,30.25,210,Poor
126.47,230.27,140.17,8.7,1.24,42.26,20.87,304,Very Poor
127.94,187.83,106.1,9.27,1.43,15.29,26.24,312,Very Poor
126.66,196.3,92.41,11.1,1.33,15.9,28.51,304,Very Poor
121.47,184.73,94.51,13.66,1.45,11.75,26.07,306,Very Poor
118.17,215.5,103.31,13.63,1.5,16.53,24.55,302,Very Poor
97.45,219.63,121.38,11.21,1.25,39.68,21.18,298,Poor
115.23,225.75,121.94,10.39,0.86,66.39,27.23,274,Poor
121.81,198.47,113.39,7.38,0.78,9.43,20.07,270,Poor
99.69,193.4,100.16,8.62,0.96,10.56,24.73,302,Very Poor
92.66,157.03,71.61,15.19,0.5,10.52,24.22,257,Poor
116.99,146.49,57.32,17.36,0.64,12.33,25.51,212,Poor
120.33,172.92,58.43,17.38,0.44,12.91,26.84,256,Poor
108.43,182.65,60.37,17.46,1.02,26.39,21.83,301,Very Poor
118,159.44,50.62,17.97,0.7,6.49,24.73,274,Poor
107.94,174.01,58.6,16.97,0.82,13.73,24.69,262,Poor
108.34,163.17,63.17,18.79,0.8,26.75,21.59,287,Poor
96.45,173.27,61.22,22.53,0.72,11.71,23.64,262,Poor
90.25,159.1,71.77,17.22,0.91,16,22.52,242,Poor
100.34,141.29,64.26,18.38,0.55,14.8,25.31,204,Poor
62.75,165.55,60.14,20.43,0.85,13.57,24.82,230,Poor
62.74,117.55,49.18,21.17,0.55,13.17,28.15,171,Moderate
34.51,108.94,43.14,20.36,0.87,11.48,20.37,113,Moderate
15.12,63.23,38.2,21.38,0.72,12.19,17.24,96,Satisfactory
27.25,40.61,22.75,22.92,0.38,8.37,19.39,56,Satisfactory
51.67,49.07,27.55,22.29,0.44,11.04,19.68,48,Good
54.24,70.71,55.79,17.58,1.28,15.66,20.15,91,Satisfactory
47.81,87.78,56.1,17.76,0.98,27.99,25.38,96,Satisfactory
84.99,99.22,65.34,17.61,1.02,26.84,36.53,111,Moderate
63.05,137.17,71.78,12.16,1.39,15.58,47.94,143,Moderate
71.09,111.15,68.18,15.31,1.06,13.42,47.46,141,Moderate
76.78,128.56,85.01,14.32,1.15,10.68,40.2,130,Moderate
73.21,129.54,69.13,13.58,1.27,17.71,48.7,149,Moderate
81.64,129.76,61.14,15.38,1.11,16.63,62.74,150,Moderate
81.71,146.56,83.44,14.61,1.58,12.92,43.18,159,Moderate
75.52,142.46,74.7,10.83,1.03,18.7,37.16,178,Moderate
58.02,125.82,25.85,10.97,0.74,12.37,32.23,159,Moderate
65.56,96.18,16.37,17.41,0.76,8.47,38.97,126,Moderate
56.98,128.56,23.26,16.81,0.86,16.7,34.16,115,Moderate
74.5,148.8,16.86,13.91,0.52,10.21,32.14,136,Moderate
66.61,119.5,17.12,16.46,0.66,10.22,39.91,131,Moderate
70.86,121.81,26.18,13.97,0.66,9.84,39.63,137,Moderate
69.96,142.17,28.42,14.9,0.74,10.43,41.96,121,Moderate
60.11,130.91,35.52,16.42,0.84,9.78,37.99,157,Moderate
33.9,101.22,22.82,16.94,0.7,6.98,40.95,116,Moderate
31.75,64.61,15.97,14.52,0.55,7.78,32.91,87,Satisfactory
34.8,58.96,13.31,12.92,0.54,13.52,27.85,58,Satisfactory
32.07,72.77,17.35,10.31,0.59,12.99,24.83,74,Satisfactory
30.32,63.36,17.16,11.98,0.72,10.51,19.85,90,Satisfactory
38.35,66.4,15.26,9.84,0.58,10.5,24.21,61,Satisfactory
36.92,95.79,21.18,9.69,0.72,8.3,27.25,96,Satisfactory
43.16,106.73,25.18,10.43,0.64,14.78,30.4,96,Satisfactory
42.51,149.98,28.73,9.94,0.8,9.67,31.72,126,Moderate
33.88,121.35,24.64,13.1,0.53,14.5,35.13,131,Moderate
22.47,80.8,18.86,14.69,0.51,13.5,30.89,95,Satisfactory
14.78,52.83,12.56,11.9,0.46,11.27,19.85,62,Satisfactory
20.92,39.26,8.15,9.17,0.4,10.43,23.58,64,Satisfactory
27.08,49.94,13.32,9.1,0.56,15.85,25.36,60,Satisfactory
23.72,59.54,9.07,11.97,0.52,11.04,33.63,101,Moderate
22.49,51.79,8.11,10.79,0.44,8.55,27.48,63,Satisfactory
21.59,54.86,12,11.3,0.43,5.49,23.63,57,Satisfactory
34.44,52.32,10.62,11.85,0.41,11.52,19.77,54,Satisfactory
49.2,76.9,13.02,12.13,0.5,14.74,33.17,61,Satisfactory
42.1,116.27,16.7,12.82,0.69,15.37,44.06,120,Moderate
16.39,87.51,13.22,13.14,0.57,11.6,44.93,105,Moderate
12.88,53.9,8.68,11.34,0.62,10.98,31.2,92,Satisfactory
10.66,59.01,9.92,11.03,0.69,12.43,29.66,86,Satisfactory
12.77,47.74,8.02,9.45,0.35,12.07,22.33,56,Satisfactory
27,50.79,8.45,8.86,0.53,14.06,22.67,78,Satisfactory
32.79,90.58,15.67,9.74,0.41,13.33,27.15,74,Satisfactory
39.77,104.04,17.4,11.1,0.4,9.21,31.25,97,Satisfactory
43.78,129.33,24.88,9.4,0.45,8.16,27.19,107,Moderate
40.96,124.06,19.29,9.87,0.64,11.35,29.47,130,Moderate
40.08,101.35,14.19,10.37,0.46,7.42,22.03,110,Moderate
22.52,93.9,14.86,11.63,0.58,7.89,28.04,98,Satisfactory
22.09,69.14,13.59,7.71,0.56,10.99,21.12,101,Moderate
25.39,53.31,9.6,6.44,0.68,9.51,29.78,85,Satisfactory
21.71,49.43,7.75,7.63,0.7,9.14,32.42,85,Satisfactory
23.56,43.12,6.24,7.09,0.5,7.63,36.81,60,Satisfactory
23.68,53.08,12.03,5.6,0.53,10.27,29.46,56,Satisfactory
17.99,64.65,14.63,5.75,0.53,8.61,29.24,67,Satisfactory
17.03,48.09,8.02,6.06,0.47,9.11,29.02,79,Satisfactory
20.58,46.96,10.15,5.53,0.5,13.84,21.8,45,Good
24,51.83,9.93,5.76,0.49,10.38,21.95,53,Satisfactory
27.44,60.54,10.84,7.15,0.54,12.07,32.91,69,Satisfactory
24.11,70.3,12.49,6.62,0.54,12.69,28.07,65,Satisfactory
28.43,65.16,9.81,6.81,0.45,8.19,30.44,78,Satisfactory
33,60.07,9.49,8.36,0.56,17.06,42.66,83,Satisfactory
37.09,72.26,9.26,7.66,0.58,16.56,34.64,64,Satisfactory
30.05,70.85,7.48,7.56,0.69,12.4,38.42,102,Moderate
20.75,62.5,8.62,6.27,0.71,14.7,31.67,92,Satisfactory
13.97,45.07,5.59,6.03,0.48,9.15,25.97,58,Satisfactory
18.72,39.04,7.21,5.55,0.64,10.24,20.32,76,Satisfactory
22.07,50.84,6.06,5.8,0.67,13.03,28.03,78,Satisfactory
19.4,63.47,5.25,6.21,0.62,12.96,40.3,91,Satisfactory
13.49,55.83,7.03,4.36,0.76,10.88,38.75,124,Moderate
20.68,34.05,4.2,4.21,0.57,12.69,22.15,75,Satisfactory
16.52,38.77,4.48,4.22,0.63,10.9,26.79,73,Satisfactory
15.91,36.76,3.14,4.47,0.61,8.92,39.57,101,Moderate
17.24,33.28,2.04,3.7,0.4,13.09,33.05,64,Satisfactory
25.87,43.11,5.32,3.95,0.58,14.02,30.87,80,Satisfactory
15.77,89,9.61,3.98,0.39,11.84,46.66,85,Satisfactory
23.75,50.12,6.04,3.86,0.36,14.45,28.78,80,Satisfactory
25.36,68.9,11.38,3.49,0.64,18.42,19.94,84,Satisfactory
32.7,81.59,20.61,4.81,0.65,22.54,20.53,79,Satisfactory
20.21,91.22,17.13,7.6,0.54,15.71,25.28,91,Satisfactory
11.55,57.8,13.78,6.54,0.51,10.6,26.51,79,Satisfactory
9.39,37.66,13.27,7.05,0.59,12.58,26.46,82,Satisfactory
9.77,36.94,12.29,4.58,0.35,17.07,24.65,45,Good
21.38,35.42,12.59,3.34,0.32,21.81,28.75,41,Good
24.68,75.6,19.85,4.32,0.48,23.3,39.42,78,Satisfactory
17.58,132.02,29.05,3.97,0.58,16.03,23.73,124,Moderate
28.05,59.05,18.08,4.04,0.48,12.66,27.14,73,Satisfactory
27.98,84.5,18.74,6.85,0.48,12.78,25.81,71,Satisfactory
23.32,79.71,18.31,8.01,0.51,8.71,34.54,79,Satisfactory
15.52,70.68,16.88,5.65,0.66,16.4,34.16,78,Satisfactory
12.11,46.14,15.11,4.67,0.42,13.67,23.72,57,Satisfactory
19.03,40.82,15.46,4.07,0.31,12.72,23.43,46,Good
27.18,60.71,19.23,4.84,0.4,13.57,35.2,58,Satisfactory
38.9,93.8,23.54,3.53,0.64,26.8,38.05,83,Satisfactory
57.73,111.93,27.29,3.52,0.98,16.06,56.99,109,Moderate
44.49,211.34,35.92,5.61,0.78,16.59,58.87,148,Moderate
39.76,163.62,22.32,7.12,0.53,16.97,67.99,158,Moderate
47.3,152.97,23.24,6,0.52,15.33,69.15,146,Moderate
39.81,136.76,20.22,7.92,0.64,22.25,68.43,133,Moderate
49.19,138.9,18.58,7.81,0.44,13.03,51.98,122,Moderate
40.38,155.58,26.89,4.26,0.77,25.9,73.55,126,Moderate
44.65,112.93,24.31,5.75,0.7,30.4,74.3,131,Moderate
35.5,114.79,19.79,7.06,0.63,19.26,54.72,124,Moderate
34.12,98.4,19.29,6.98,0.59,17.83,49.82,106,Moderate
41.62,88.79,19.98,6.69,0.7,24.2,42.21,109,Moderate
43.1,95.91,20.32,4.91,0.53,21.47,43.36,92,Satisfactory
35.3,96.34,21.71,5.96,0.67,24.72,42.13,88,Satisfactory
40.35,89.42,17.33,4.32,0.47,17.09,44.47,95,Satisfactory
32.33,94.6,18.93,4.17,0.53,23.95,45.97,93,Satisfactory
24.95,78.4,19.42,4.01,0.61,21.27,34.54,104,Moderate
30.42,74.2,20.68,3.36,0.49,16.73,19.84,80,Satisfactory
36.5,76.95,16.96,3.25,0.72,13.67,30.35,99,Satisfactory
40.04,84.57,17.83,3.8,0.63,14.71,37.15,99,Satisfactory
40.51,98.75,17.31,4.07,0.89,18.61,48.85,108,Moderate
38.88,99.45,16.93,3.35,0.51,14.62,54.63,99,Satisfactory
36.31,86.09,18,4.51,0.47,13.86,51.56,106,Moderate
38.7,77.21,18.03,4.47,0.52,17.79,42.23,85,Satisfactory
33.52,82.24,16.29,4.22,0.48,15.76,42.04,83,Satisfactory
36.8,79.78,26.44,3.85,0.57,19.96,45.17,83,Satisfactory
41.89,75.96,17.39,4.06,0.51,14.55,48.97,74,Satisfactory
41.47,99.66,22.98,4.84,0.77,17.7,39.43,103,Moderate
31.52,90.61,18.25,4.59,0.5,16.21,54.72,101,Moderate
39.73,73.42,20.17,4,0.45,18.1,43.53,80,Satisfactory
36.24,104.78,27.54,3.61,0.95,17.17,42.88,107,Moderate
24.16,84.55,19.93,4.56,0.46,21.35,54.64,91,Satisfactory
23.12,59.22,26.79,12.18,0.53,26.62,41.27,78,Satisfactory
44.75,57.48,24.2,5.86,0.52,23.46,56.71,65,Satisfactory
50.25,80,48.87,16.22,0,4.43,13.75,232,Poor
54,125.25,30.93,18,0,4.78,42.12,221,Poor
59.25,76,27,17.5,0,4.5,49.52,209,Poor
67,83.25,21.95,17.6,0,4.85,56.85,198,Moderate
68.75,98,21.32,19,0,5.68,66.65,191,Moderate
65,112.25,14.38,20.17,0.05,6.37,93.08,186,Moderate
95.75,128.5,97.62,23.25,0.1,82.23,132.78,179,Moderate
92.5,147.25,29.62,26.85,0.08,52.5,169.55,204,Poor
85.25,150.75,23.95,21.43,0.1,30.78,165.15,204,Poor
90.75,142.25,25.97,20.8,0.1,43.15,157.3,204,Poor
103,155.25,23.17,21.85,0.1,18.3,143.08,204,Poor
95,177.75,22.38,21.53,0.1,14.85,116.1,204,Poor
89,159,23.6,20.2,0.08,8.92,90.18,204,Poor
87.25,150.25,28.27,19.3,0.05,5.28,64.68,204,Poor
83.5,148.5,29.92,19.83,0.1,3.23,47.05,204,Poor
88.5,139,27.03,20.2,0.1,2.92,45.55,196,Moderate
90,131.5,28.18,20.52,0.1,3.13,44.1,184,Moderate
78.5,127,25.78,20.83,0.05,2.32,42.62,163,Moderate
87.25,123,31.5,20.47,0.05,3.33,33.3,159,Moderate
91.5,137.75,38.93,19.55,0.05,3.7,27.45,160,Moderate
92.25,159.25,41.07,21.33,0,3.9,17.65,161,Moderate
90.75,142.25,40.65,20.67,0,3.65,15.68,163,Moderate
93.25,133.5,30.4,22.15,0,3.62,26.95,168,Moderate
92.75,131,37.05,20.88,0,3.75,25.03,175,Moderate
85.75,131.25,34.57,20.97,0,3.55,21.55,181,Moderate
83,130.75,37.9,19.75,0,3.73,21.05,185,Moderate
99.25,107.75,41.17,21.5,0,4.52,30.88,188,Moderate
94.25,128.75,19.78,21.43,0,5.02,67.62,193,Moderate
112.5,131,22.55,25.32,0,5.47,82.35,196,Moderate
86.25,127.5,88.7,18.65,0.1,7.22,110.72,204,Poor
81.25,129.5,14.7,22.4,0.1,6.18,117.1,202,Poor
84.75,123.25,14.17,22.77,0.1,5,125.43,201,Poor
91.5,131,15.95,23.67,0.1,5.1,133.27,201,Poor
85,139.5,14.62,23.78,0.1,6.23,128.9,201,Poor
79.5,126.75,14.22,22.35,0.1,6.45,109.27,198,Moderate
82.5,124.75,21.45,20.6,0.1,6.3,75.47,196,Moderate
82,137.5,24.15,20.25,0.1,6.2,60.77,195,Moderate
67,126.25,17.6,19.62,0.1,5.52,49.5,195,Moderate
71.25,106,16.68,19.88,0.1,5.5,44.1,192,Moderate
75,114.5,23.05,20.35,0.05,4.73,35.75,190,Moderate
81,122,20,21.07,0.05,4.23,35.78,188,Moderate
83.75,114.25,23.9,22.52,0.05,4.6,31.87,188,Moderate
83.5,118.75,25,27.05,0.05,4.97,29.4,188,Moderate
82.75,112,18.85,23.48,0.08,5.68,28.43,187,Moderate
76,112,17.4,20.7,0.08,5.3,31.88,185,Moderate
75.5,115.25,16.22,19.6,0,6.02,48.5,183,Moderate
76.5,125.25,19.02,19.43,0,6.35,41.17,181,Moderate
87,124.75,15.15,20.1,0,4.72,49,178,Moderate
93.75,124,28.8,22.58,0,6.15,30.87,179,Moderate
83.75,130,20.15,23.52,0,7.2,52.9,180,Moderate
76.75,115.75,10.42,21.6,0,9.3,89.2,178,Moderate
46,103.5,10.6,21.7,0.08,9.1,101.43,176,Moderate
41.75,83.5,16.15,21.45,0.1,9.38,94.57,130,Moderate
47,83.5,19.35,20.68,0.1,9.65,95.05,129,Moderate
50.25,87.5,21.75,20.05,0.1,8.23,81.35,127,Moderate
62,99.5,40.77,18.3,0.1,7.6,54.88,126,Moderate
65.75,151,58.55,18.25,0.08,8.1,37.72,126,Moderate
58.25,170.75,45.27,19.18,0.03,7.5,35.77,126,Moderate
60,123.25,37.73,18.78,0.03,7.25,29.4,123,Moderate
64.25,107.5,38.25,19.22,0.03,6.55,24.02,121,Moderate
67,117.75,51.38,19.4,0,6.5,20.08,119,Moderate
72.75,124.5,49.25,20.15,0.03,6.43,19.12,117,Moderate
69.5,116.75,44.4,21.1,0,6,21.07,116,Moderate
63.25,107.75,51,20.45,0,6.75,17.62,114,Moderate
65.75,110.25,59.5,21.92,0.05,6.8,8.33,111,Moderate
63.25,112.75,69.85,19.07,0.1,6.2,3.9,109,Moderate
67.25,117.75,56.92,20.48,0.05,5.33,3.9,108,Moderate
73.25,114.75,75.78,19.03,0.08,4.65,4.4,108,Moderate
87.5,115.5,68.83,23.55,0.03,6.75,11.25,107,Moderate
78.25,134.5,34.37,24.58,0,7.7,32.32,107,Moderate
65.75,119.25,23.03,23.15,0,11.45,67.6,107,Moderate
57.5,108.75,26.35,22.28,0.05,10.88,90.17,107,Moderate
55.25,96.75,91,24.15,0.1,11.15,99.98,108,Moderate
60.25,92.25,18.2,23.78,0.1,11.08,105.35,109,Moderate
53.5,97.75,17.4,23.72,0.1,10.92,105.33,110,Moderate
50.75,93,26.27,26.37,0.1,17.08,103.9,111,Moderate
55.5,91.5,24.8,25.35,0.13,10.58,101.93,112,Moderate
54.25,99,29.25,17.38,0.1,9.7,87.2,113,Moderate
57.25,111.5,37.35,17.55,0.1,9.1,62.72,114,Moderate
63.75,127.75,40.5,18.2,0.1,9.8,51.45,113,Moderate
66.75,137,43.1,17.27,0.1,9.75,41.65,113,Moderate
79,136.25,75.95,18.6,0.03,9.55,19.1,114,Moderate
82,189.5,57.07,19.72,0,8.88,28.92,117,Moderate
92.75,140,129.67,21.9,0.05,10.65,10.78,119,Moderate
87.75,190.75,84.52,21.73,0.03,7.68,10.28,123,Moderate
91.5,162.75,85.83,23.15,0,7.35,11.28,125,Moderate
85,160.25,89.98,22.73,0.03,7.03,5.9,128,Moderate
79,145.25,95.12,20.75,0,6.88,8.33,131,Moderate
76.25,116,65.55,19.65,0,6.25,5.4,133,Moderate
85.75,130,106.1,22.83,0,6.07,5.4,134,Moderate
84.25,145.25,73.3,21.62,0,5.48,4.9,137,Moderate
83,156,43.42,25.4,0,5.45,20.58,139,Moderate
79.5,133.25,27.12,24.77,0,7.85,43.1,138,Moderate
59.25,128.25,14.92,24.6,0,11.45,74.48,138,Moderate
55,98.75,14.17,22.7,0.03,10.37,86.75,137,Moderate
50.5,89.75,14.65,21.32,0.1,195,89.17,135,Moderate
56,92.25,94,32.2,0.6,10.62,98.48,134,Moderate
60,93,23.53,27,0.95,12.55,105.38,135,Moderate
65,96.25,27.22,23.65,0.52,43.93,107.3,134,Moderate
72.25,110.5,49.68,20.67,0.13,120.27,96.52,136,Moderate
76.5,125,47.78,20.43,0.08,117.1,100.45,139,Moderate
75,133,48.2,18.25,0.1,84.82,92.62,142,Moderate
66,147,25.2,16.5,0.1,11.62,76.95,145,Moderate
70.25,141.25,27.43,17.22,0.1,11.1,71.55,146,Moderate
87,135.5,47.72,17.93,0.1,11.78,52.45,147,Moderate
91.5,153.5,55.1,20.18,0.1,10.33,39.2,150,Moderate
93,164.75,66.4,17.98,0,9.83,30.37,152,Moderate
102.75,167,51.67,19.43,0,8.97,31.85,153,Moderate
108,175.5,95.4,21.05,0,8.67,10.28,154,Moderate
101.25,184.5,47.03,21.5,0,8.28,33.35,157,Moderate
99.25,167,63.4,20.12,0,8.15,21.05,159,Moderate
96.75,170.25,72.75,19.83,0,7.13,11.75,161,Moderate
88.75,182.5,45.15,19.75,0,6.35,22.08,163,Moderate
93,161.75,50.17,20.38,0,6.25,18.6,165,Moderate
100,161.75,44.47,20.12,0,7.42,17.65,166,Moderate
120,182,73.83,21.9,0,9.75,15.68,168,Moderate
88,193.25,34.53,21.55,0,10.08,44.58,173,Moderate
80.25,141,20.47,21.2,0,12.75,75.95,174,Moderate
66,121,12.2,21.03,0.03,11.72,88.67,177,Moderate
68.75,107.25,87.72,16.6,0.1,18.25,99.45,182,Moderate
67.75,106.75,14.8,21.45,0.1,12.35,105.85,184,Moderate
65.5,111.25,14.67,20.53,0.1,13.55,106.83,185,Moderate
58.25,107.5,13.9,19.6,0.1,13.38,107.33,185,Moderate
47,100.5,12.27,17.78,0.1,14.3,97.5,183,Moderate
46.5,95,14.5,16.2,0.1,16.6,88.7,179,Moderate
58,102.5,18.25,15.85,0.1,13.67,79.4,175,Moderate
72,127.5,26.9,16.9,0.1,12.8,67.12,174,Moderate
80,148,28.62,17.47,0.08,10.75,65.67,174,Moderate
84.75,136.5,28.05,17.43,0.1,11.35,67.6,173,Moderate
78.75,147.75,31.97,17.4,0.1,11.38,63.72,172,Moderate
72.5,148.5,31.1,17.32,0.05,10.4,65.65,170,Moderate
74,138.75,30.6,20.18,0.08,9.07,63.2,166,Moderate
87.25,123,35.77,18.88,0.08,7.25,56.85,161,Moderate
87,142.5,47.15,21.05,0.03,5.83,25.95,159,Moderate
100,150,54.58,23.62,0.03,5.53,13.23,157,Moderate
94.5,183.75,67.23,21.43,0,4.43,9.78,158,Moderate
94.75,191.5,89.55,17.8,0,4.57,7.83,159,Moderate
97,160.75,55,20.57,0,3.82,12.75,159,Moderate
112,186.75,82.4,19.5,0,4.87,10.78,158,Moderate
98.75,191.5,49.17,24.88,0.05,6.53,30.85,157,Moderate
86.25,147,24.62,20.1,0.03,9.6,73,159,Moderate
80.75,129.5,32,19.5,0.05,13.67,92.62,160,Moderate
56.5,104.25,98.55,16.7,0.1,19.17,101.93,160,Moderate
65.25,102.75,22.03,19.55,0.1,18.83,109.28,158,Moderate
59.25,113.75,24.05,19.2,0.1,17.45,107.8,158,Moderate
58,111.5,21.38,19.43,0.1,15.22,103.38,157,Moderate
60.75,106.5,19.52,18.1,0.05,14.82,99.98,157,Moderate
63.5,107.75,22.17,17.12,0.1,13.75,89.17,159,Moderate
71.25,128,46.35,14.92,0.08,12.08,59.77,161,Moderate
63.25,157.75,31.25,16.18,0.03,11.45,64.7,163,Moderate
68.5,136.5,39.72,15.53,0.1,9.9,50.95,162,Moderate
89,143.75,68.37,16.73,0.1,9.38,27.92,160,Moderate
105.25,191.25,76.7,18.88,0.05,9.77,25.45,161,Moderate
90.75,208,77.75,15.5,0,9.05,23.5,165,Moderate
91.5,213.25,50.2,18.82,0,8.18,30.87,167,Moderate
91.5,178.5,95.2,17.48,0,8.67,21.07,170,Moderate
84,195.5,56.65,18.1,0.03,7.98,23.02,170,Moderate
93.25,138.5,77.12,18.45,0,8.8,13.2,170,Moderate
98.25,149.25,66.58,21.4,0.03,7.65,19.6,169,Moderate
85.5,157.5,38.82,20.88,0.05,7.35,29.4,169,Moderate
89.5,127.75,58.25,20.45,0,7.23,20.58,168,Moderate
88.25,134.75,52.5,23.1,0.03,8.18,30.38,167,Moderate
87,140.75,35.97,21.2,0.05,10.48,47.55,164,Moderate
77.5,138.75,30.15,21.87,0,12.08,64.7,162,Moderate
65,122.25,23.8,21.62,0,14.88,84.27,161,Moderate
57,93.5,94.7,26.7,0.13,11.7,96.05,158,Moderate
57.5,92,20.08,27.47,0.1,10.85,101.43,159,Moderate
61.75,94,22.75,18.22,0.1,11.4,102.9,157,Moderate
61.75,103,23.1,18.47,0.1,12.77,106.8,158,Moderate
67.5,105.75,30.75,19.45,0.1,17.62,103.9,158,Moderate
70.75,119.5,27.75,19.4,0.1,15.07,96.05,159,Moderate
71,137.75,30.32,17.9,0.1,9.5,67.6,160,Moderate
76.25,163.75,22.27,18.2,0.1,8.9,70.57,160,Moderate
83.25,127.25,36.67,17.35,0.1,8.88,59.78,162,Moderate
83.75,130.25,36.7,19.95,0.1,8.5,50.47,164,Moderate
86,137,45.75,23.3,0.05,8.33,38.2,163,Moderate
94.5,149.5,65.5,24.53,0.05,8.45,27.95,161,Moderate
94.25,182.75,58.15,20.35,0.03,7,27.9,161,Moderate
94.75,168.5,64.52,19.9,0,5.95,23.52,162,Moderate
85,163.75,101.35,19.43,0,6.6,8.33,162,Moderate
86.5,162.25,73.67,21.1,0,6.3,7.38,162,Moderate
92.75,156.25,62.3,19.85,0.03,5.65,14.72,161,Moderate
96.25,148.75,64.3,19.6,0,6.38,7.85,160,Moderate
96.5,164.25,78.8,18.67,0.05,6.12,4.9,162,Moderate
109,179.5,104.4,20.35,0.03,6.75,7.35,163,Moderate
94.25,178,48.25,25.67,0,8.57,28.9,166,Moderate
82,146.5,41.78,23.12,0.05,11.27,53.9,167,Moderate
66.75,129.75,31.12,22.43,0.03,8.25,75.45,167,Moderate
58.25,115.5,14.17,20.6,0.05,6.15,88.2,168,Moderate
62,104.75,14.3,19.97,0.1,8.12,93.1,168,Moderate
62.75,112.25,18.12,23.78,0.1,7.15,97.02,168,Moderate
65,112,20.43,22.7,0.1,7,100.43,169,Moderate
68.5,118,22.15,23.18,0.1,10.25,108.27,170,Moderate
71.5,121.5,23.3,23.25,0.1,8.03,105.33,170,Moderate
66.75,130.25,20.22,22.2,0.1,7.25,96.5,171,Moderate
64,129.25,28.07,20.25,0.1,8.6,70.55,170,Moderate
57.75,130.75,19.63,18.75,0.1,7.22,53.43,170,Moderate
57.5,96.5,23.1,18,0.1,5.52,48.02,167,Moderate
59,96,24,19.35,0.1,5.08,40.65,163,Moderate
69,99,57.4,19.65,0.1,5.73,26.95,160,Moderate
68,124,76.38,18.75,0.1,7.07,15.7,158,Moderate
76,130.75,125.72,20.85,0,6.68,4.9,154,Moderate
72,158.5,76.83,20.85,0,4.37,9.8,151,Moderate
69.5,124.25,65.63,18.85,0,3.48,5.4,148,Moderate
70,115,78.7,21.27,0,3.62,3.93,146,Moderate
67.5,116.5,58.13,22.85,0,2.38,8.33,144,Moderate
71,132.5,55.07,19.85,0,3.3,10.3,140,Moderate
79,139.25,45.35,19.15,0,3.82,11.8,137,Moderate
84.5,138,50.6,22.55,0.03,4.5,12.25,134,Moderate
81.25,140.5,33.53,24.05,0.05,4.62,23.03,131,Moderate
73.5,135.5,27.45,22.8,0.03,5.35,41.15,129,Moderate
68,123.5,21.28,26.03,0.05,7.22,67.12,128,Moderate
74,127,37.55,22.35,0.05,94.98,67.12,128,Moderate
72,149,113.12,25.1,0.05,160.77,77.4,130,Moderate
64,138.25,50.55,31.77,0.1,150.25,85.25,132,Moderate
58,123.75,33.85,29.57,0.1,76.5,94.1,132,Moderate
63.25,123,28.43,25.4,0.1,42.02,97.02,131,Moderate
75.75,127.5,28.22,20.38,0.1,27.9,94.57,130,Moderate
91.75,144.75,89.02,15.8,0.05,53.43,65.17,131,Moderate
93.5,200,60.25,18,0.1,27.28,63.67,134,Moderate
111.5,224.5,67.3,20.22,0.1,18.6,50.48,138,Moderate
114.5,234.25,98.4,21.38,0.23,18.65,27.45,146,Moderate
103.5,276.75,71.55,38.38,0.1,11.62,18.13,154,Moderate
84,290.5,45.2,36.58,0,5.93,24.5,160,Moderate
83.5,172,64.5,28.07,0.05,5.3,19.62,162,Moderate
74.25,157.5,40.2,25.85,0.15,6.95,23.5,164,Moderate
75.75,139.75,39.33,17.55,0.03,8.73,18.12,164,Moderate
77,141.5,59.85,17.2,0,8,5.88,164,Moderate
78,140.5,60.12,19.27,0,7.83,3.93,165,Moderate
84.75,151.25,71.38,21.15,0.08,7.88,4.4,167,Moderate
89,180.75,75.73,22.65,0.03,9.5,4.9,169,Moderate
98.75,177.5,81.3,43.6,0.08,6.33,4.4,171,Moderate
107,180.75,42.27,56.43,0.03,3.6,21.55,174,Moderate
101.25,180.75,40.15,50.98,0,3.25,34.3,177,Moderate
107,167,35.55,23.3,0.43,8.12,50.95,180,Moderate
90.5,166.25,32.22,18.68,0,10.72,67.6,185,Moderate
70.25,122.25,89.08,15.75,0.05,7.8,83.8,188,Moderate
54.75,121,18.4,23.3,0.1,7.95,82.33,188,Moderate
56.5,111.25,14.22,26.67,0.1,9.13,87.7,187,Moderate
56.25,99.5,23.83,46.35,0.05,9.25,95.57,186,Moderate
67.25,103.25,31.75,33.05,0.13,24.03,99,186,Moderate
72,120.75,26.55,21.82,0.1,15.7,85.75,184,Moderate
74.75,142,31.1,17.88,0.08,8.28,61.72,182,Moderate
74.75,155.5,34.15,17,0.1,7.33,44.07,179,Moderate
75,132,41.1,17.75,0.1,7.58,36.73,174,Moderate
68,125.25,32.9,20.18,0.1,8.33,42.15,168,Moderate
70,112.75,41.48,22.05,0.1,7.9,35.75,163,Moderate
87.25,115.5,68.5,53.3,0.08,5.82,17.15,162,Moderate
90.5,136.5,64.07,59.15,0.03,3.73,19.6,162,Moderate
79.75,139.25,58.77,32.68,0.4,4.45,19.58,164,Moderate
83,133.5,50.92,15.48,0.1,8.5,22.05,165,Moderate
93.25,133.5,56.45,16.4,0.1,8.35,11.75,166,Moderate
84,137.25,52.33,16.05,0.08,8.2,9.8,168,Moderate
79,136.25,60.15,17.23,0,8.8,6.38,168,Moderate
101.5,150.25,65.75,27.8,0,7.38,6.88,166,Moderate
103.25,175,61.73,52.8,0.05,4.05,7.35,167,Moderate
91.5,152.25,39.28,55.65,0.1,3.07,28.92,166,Moderate
81,133,32.5,34.5,0.25,3.5,51.43,165,Moderate
55,117.75,21.55,17,0.1,14.55,67.62,161,Moderate
42.25,121.5,19.15,36.27,0,56.45,65.65,102,Moderate
40,106.75,15.67,18.53,0.26,16.95,61.72,101,Moderate
37,101,15.1,18.97,0.11,9.67,41.17,101,Moderate
29.25,87.75,12.45,18.43,0.33,5.82,26.92,99,Satisfactory
35.25,67,10.75,18.55,0.54,5,24,98,Satisfactory
42.75,74,12.08,20.15,0.96,4.87,15.67,97,Satisfactory
45,87.25,15.6,22.33,0.88,2.43,13.25,97,Satisfactory
42.75,91,15.47,23,0.46,4.32,16.17,97,Satisfactory
39,90,15.67,24.12,0.49,10.28,15.67,97,Satisfactory
38.5,83.75,13.1,24.4,0.37,12.5,11.78,97,Satisfactory
37.75,81,12.87,24.67,0.4,13.2,12.75,97,Satisfactory
40.5,77.75,12.77,25.02,0.52,13.35,7.85,96,Satisfactory
43,82.75,13.15,25,0.56,13.85,8.33,96,Satisfactory
45.5,71.5,15.15,25,0.63,13.6,6.85,94,Satisfactory
52.25,74,17.77,25.47,0.77,8.38,6.35,90,Satisfactory
59,90,17.13,25.55,0.85,7.15,9.3,87,Satisfactory
44,102,15.77,27.75,0.66,4.85,24,86,Satisfactory
36.5,72.25,12.4,24.5,0.54,7.88,37.23,86,Satisfactory
32.25,63,8.15,23.62,0.54,7.7,41.18,86,Satisfactory
33.75,66.75,140.7,34.8,0.18,5.95,47.02,86,Satisfactory
35.5,62.5,8.4,17.15,0.38,9.93,52.93,85,Satisfactory
36.5,71.25,8.65,15.7,0.31,11.07,53.9,85,Satisfactory
42.5,74.5,7.8,16.4,0.35,7.73,54.88,84,Satisfactory
38,74.5,8.8,18.28,0.39,8.12,56.8,82,Satisfactory
36.5,78.25,9.1,19.85,0.44,9.62,54.38,80,Satisfactory
37.25,75.5,9,23.65,0.41,8.6,41.15,79,Satisfactory
45.5,77,11.4,25.22,0.46,10.52,38.2,78,Satisfactory
51.5,85,13.97,37.45,0.56,11.93,39.7,78,Satisfactory
55.75,91.5,10.3,32.5,0.5,12.47,36.75,79,Satisfactory
56.25,93.75,9.5,27.95,0.49,9.45,33.8,80,Satisfactory
62.5,96.25,9.47,25.25,0.49,6.25,29.4,80,Satisfactory
69,99.5,8.95,26.42,0.49,14.47,25,81,Satisfactory
64,106,11.97,26.05,0.44,8.2,26.95,81,Satisfactory
59.75,102.25,12.1,27.78,0.5,3.2,21.1,82,Satisfactory
29.75,100.5,12.43,26.03,0.48,0.9,16.65,83,Satisfactory
34.5,80.25,17.78,17.12,0.64,12.4,37.23,121,Moderate
35.5,92.75,19.43,17.55,0.76,9.9,25.47,121,Moderate
40,133.5,18.92,19.62,0.86,12.38,21.6,119,Moderate
43.5,137.5,18.57,21.18,0.91,15.35,21.6,117,Moderate
38.5,102.25,19.72,33.17,0.94,13.9,18.63,114,Moderate
46.75,94.5,20.4,33.15,0.73,14.85,15.2,109,Moderate
47.75,107,21.12,20.5,0.73,12.17,15.67,106,Moderate
46.25,116.25,20.55,21.3,0.62,14.07,14.2,105,Moderate
49,124.5,18.2,21.5,0.73,11.93,8.33,105,Moderate
46.25,120,18.77,21.97,0.69,9.68,6.85,105,Moderate
49.75,121.25,17.73,21.32,0.7,10.67,7.33,103,Moderate
46.75,128.25,16.55,21.5,0.74,9.82,3.45,103,Moderate
42.25,130.5,20.2,23,0.66,10.1,3.93,104,Moderate
51,123.5,23.4,41.35,0.79,9.33,2.95,104,Moderate
59,161,20.23,22.33,0.9,10.5,8.35,104,Moderate
59,134.5,25.33,26.12,0.78,13.18,16.65,103,Moderate
41.75,127,22.1,28.88,0.69,11.68,20.55,104,Moderate
42,103,14.57,19.45,0.62,8.5,28.45,105,Moderate
34.5,126.25,13.45,21.2,0.42,66.75,28.92,107,Moderate
31.5,150.5,36.88,16.92,0.83,95.98,32.33,109,Moderate
38.25,96,26.8,19.82,0.86,92.3,51.92,110,Moderate
45.5,100.25,19.23,24.15,0.88,56.65,72.02,111,Moderate
47,106.75,16.12,27.1,0.88,32.38,78.88,111,Moderate
40.5,115,14.78,26.15,0.82,19.98,62.7,112,Moderate
37.5,111,16.2,18.67,0.96,10.73,48.98,113,Moderate
37.5,111.5,18.18,15.62,1.01,8.8,30.38,113,Moderate
32,128,9.3,18.18,0.97,7.23,20.58,113,Moderate
30.75,85.5,10.88,18.42,0.89,6.95,18.6,112,Moderate
31.5,78,15.03,22.65,0.93,7.9,21.55,111,Moderate
33,80,20.88,20.82,0.87,7.5,11.8,111,Moderate
38.5,85,20.3,61.08,0.85,9.15,14.72,110,Moderate
36,93,29.55,49.42,0.87,7.88,6.85,109,Moderate
45,82,31.12,21.12,0.86,9.73,5.85,108,Moderate
39.25,86.25,24.17,15.05,0.75,5.73,10.8,107,Moderate
41,97.75,27.78,20.97,0.71,6.1,11.8,107,Moderate
41.75,126.75,29.67,16.17,0.8,6.23,5.9,107,Moderate
35,111.75,32.38,16.87,0.87,6.45,3.93,106,Moderate
40.25,97.75,33.97,17.3,0.93,7.85,5.4,105,Moderate
49.25,104.75,26.48,19.45,1.06,9.85,10.3,104,Moderate
27.5,93.25,10.33,17.17,0.74,8.23,18.1,103,Moderate
23.25,46,9,15.3,0.82,10.22,17.65,100,Satisfactory
29.5,57.25,14.15,15.75,0.71,25.5,21.05,99,Satisfactory
35.25,74.5,14.25,30.55,0.43,32.4,30.4,97,Satisfactory
42.25,89.75,14.7,14.73,0.91,31.15,37.23,94,Satisfactory
54.5,108.5,11.25,16.03,0.8,27.88,48.03,95,Satisfactory
36.75,115,14.05,13.2,0.87,22.05,54.88,95,Satisfactory
41.25,95,14.78,9.67,0.75,17.23,52.93,95,Satisfactory
40.75,96.5,11.75,11.05,0.69,17.82,54.88,94,Satisfactory
44.25,97,21.33,11.35,0.63,14.62,46.07,93,Satisfactory
39.25,115.75,40.65,12.65,0.78,13.6,29.38,94,Satisfactory
39.25,128.25,24.32,13.58,0.71,10.97,24,94,Satisfactory
34.25,126.25,23.47,14.88,0.71,10.5,15.17,95,Satisfactory
27.5,105.25,22.28,14.02,0.83,9.98,12.28,96,Satisfactory
32,94.75,31.38,15.17,0.9,12.35,7.83,97,Satisfactory
34.25,97,28.17,14.5,0.83,11.67,6.35,98,Satisfactory
34,116.5,34.1,17.53,0.79,9.87,3.93,98,Satisfactory
32.75,88.25,36.63,30.15,0.89,9.55,4.9,99,Satisfactory
27.75,80.5,30.48,13.45,0.77,8.28,4.88,97,Satisfactory
28.5,60.25,29.97,10.08,0.77,7.92,4.4,95,Satisfactory
24.75,85.5,21.78,19.1,0.74,9.8,7.35,94,Satisfactory
18,74.75,9,25.45,0.69,10.17,16.65,94,Satisfactory
25.5,41,9.98,23.2,0.69,11.78,19.6,93,Satisfactory
30.5,49.5,8.73,13.2,0.75,10.3,20.08,93,Satisfactory
32.75,64.25,9.6,14.1,0.62,8.17,32.82,93,Satisfactory
34.25,77,7.95,9.78,0.68,8.37,36.73,92,Satisfactory
32,76.75,7.62,7.95,0.54,8.82,39.68,91,Satisfactory
29.25,76,5.82,9.85,0.57,11.08,48.52,89,Satisfactory
40.25,77.5,6.7,9.08,0.56,8.45,53.4,88,Satisfactory
35,83,11.17,9.35,0.6,8.38,53.9,88,Satisfactory
37.75,94,8.43,9.02,0.68,7.48,43.62,88,Satisfactory
42.75,101,14.6,10.38,0.6,9.03,35.27,87,Satisfactory
35.5,121.25,15.9,11.2,0.65,8.4,26.45,87,Satisfactory
38,88,18.45,11.7,0.71,7.65,15.65,85,Satisfactory
37,81.25,14.75,12.33,0.79,7.7,10.8,84,Satisfactory
34,69.75,18.5,16.2,0.82,9.23,13.25,83,Satisfactory
56.75,60,22.65,29.75,0.83,8.3,6.85,82,Satisfactory
32.5,108.5,17.83,15.05,1.08,8.6,16.68,93,Satisfactory
24,71,12.5,13.05,0.87,7.98,22.08,93,Satisfactory
20.5,60.75,10.9,16.05,0.86,8.1,33.8,93,Satisfactory
19.25,57,12.35,17.7,0.22,13.35,30.4,93,Satisfactory
19.5,55.25,10.55,11.65,0.48,11.65,35.27,93,Satisfactory
17.5,50.5,14.58,8.42,0.53,9.88,34.8,93,Satisfactory
16.75,51.5,12.43,12.77,0.56,12.65,35.27,93,Satisfactory
17.5,51,8.12,7.95,0.53,10.82,34.8,72,Satisfactory
13.75,53.75,7.12,6.55,0.52,9.12,32.35,73,Satisfactory
16.25,53.5,16.27,16.93,0.49,9.95,28.42,73,Satisfactory
20.5,57.25,33.17,11.65,0.63,9.15,18.1,74,Satisfactory
32.25,77.5,36.4,9.15,0.56,8.45,11.78,74,Satisfactory
35.75,134.25,31.83,10.6,0.68,9.72,9.3,77,Satisfactory
37.25,169.5,41.17,10.8,0.75,10.27,6.35,81,Satisfactory
44.25,136,48.08,9.22,0.8,11.43,2,83,Satisfactory
44,155.5,45.35,10.9,0.92,11.92,2,86,Satisfactory
41,142.25,45.22,14.03,0.83,9.75,2,89,Satisfactory
42,116,49.87,11.52,0.85,10.4,2,89,Satisfactory
43.5,107.75,45.9,17.93,0.84,8.15,2,89,Satisfactory
47.5,107.75,41.1,9.7,0.82,9.2,18.65,91,Satisfactory
52,140.25,45.9,9.75,0.85,7.33,2,93,Satisfactory
65.75,121.75,36.78,16.28,1.96,10.15,3.43,98,Satisfactory
53.5,131,32.67,15.58,1.85,11.43,3.9,98,Satisfactory
49,177.75,36.55,12.4,1.48,11.02,3.9,99,Satisfactory
30.5,173.25,29.9,8.52,0.99,9.53,9.78,101,Moderate
27.75,84.75,14.97,17.45,0.83,10.02,20.1,102,Moderate
24.75,63.5,9.4,17.65,0.78,9.1,23.05,102,Moderate
28.5,50.25,9.95,13,0.31,7.4,29.4,102,Moderate
32.75,64.25,13.65,16.75,0.56,9.17,33.32,102,Moderate
31.25,77.25,12.35,16.3,0.55,10.95,41.15,103,Moderate
30,79.75,10.2,15.4,0.49,12.45,45.57,103,Moderate
31.75,82.75,14.05,14.95,0.48,11.2,43.1,104,Moderate
31.5,75.5,13.83,25.15,0.5,10.72,41.68,105,Moderate
39.5,76.75,19.55,12.78,0.6,9.25,29.4,106,Moderate
35.75,84.5,17.13,11.82,0.46,8.58,18.6,106,Moderate
43.5,92,21.87,12.6,0.64,9.03,14.2,107,Moderate
36.5,109,15.23,12.12,0.61,7.43,12.75,106,Moderate
46.75,82.75,23.9,11.35,0.64,7.95,10.8,104,Moderate
46,95.25,25.55,12.75,0.7,10.15,7.83,103,Moderate
43.25,99,31.27,14.22,0.86,9.68,6.85,101,Moderate
38.75,83.75,26.72,13.98,0.8,7.9,8.8,99,Satisfactory
40,66,29.73,13.15,0.81,7.2,7.33,97,Satisfactory
37.25,69,20.98,13.83,0.81,6.6,11.8,95,Satisfactory
36.5,69,17.7,14.77,0.79,6.05,12.23,94,Satisfactory
29.5,68.25,15.4,14.62,0.79,6.08,10.3,91,Satisfactory
23.25,57,17.35,14.08,0.77,6.1,6.85,88,Satisfactory
28.75,33,35.95,14.8,0.88,6.53,2.48,84,Satisfactory
33,43.75,18.6,13.98,0.84,7.1,7.8,78,Satisfactory
31.75,48.75,14.73,15.08,0.76,6.65,10.8,73,Satisfactory
35.25,53.5,14.85,15.58,0.87,6.8,12.25,72,Satisfactory
29.5,70.25,12.55,14.55,0.79,6.25,17.63,72,Satisfactory
32,72.25,7.2,20.9,0.43,11.95,56.85,73,Satisfactory
44,80.75,16.85,16.55,0.77,10.08,37.75,74,Satisfactory
42.25,93.25,14.3,13.43,0.59,11.47,50.48,74,Satisfactory
37.5,84.5,12.42,14.1,0.59,11.73,50.98,75,Satisfactory
39,75.25,8.75,12.82,0.61,9.4,51.95,74,Satisfactory
40.75,80.25,12.92,12.93,0.69,8.45,46.05,74,Satisfactory
44.75,89.25,19.08,11,0.68,5.8,33.8,75,Satisfactory
41.25,106,16.3,14.5,0.69,9.88,32.82,76,Satisfactory
43,103.75,15.08,12.42,0.72,7.23,25,76,Satisfactory
47.5,93.75,17.25,12.12,0.78,7.75,21.05,76,Satisfactory
52.25,116.5,27.28,13.27,0.86,7.9,15.2,77,Satisfactory
57.75,138,33.35,13.03,0.86,8.2,10.3,79,Satisfactory
73.25,161.25,41.35,12.4,1.09,8.47,4.93,82,Satisfactory
72.25,181.75,51.82,12.17,1.18,9.82,2.95,86,Satisfactory
57.75,161.5,49.58,13.65,1.06,8.9,3.93,90,Satisfactory
58.25,134,46.2,13.08,1.03,9.4,3.95,92,Satisfactory
63.25,117.5,41,13.15,1.01,10.38,16.65,94,Satisfactory
63.75,122.5,53.5,13.08,1.05,9.8,2,97,Satisfactory
64.5,138.75,38.47,12.67,0.86,8.45,10.77,100,Satisfactory
77.5,110.5,37.92,16.38,1.41,8.6,6.88,102,Moderate
79.5,127.25,35.33,17.75,1.69,10,6.38,104,Moderate
62.75,144.75,37,14.58,1.07,10.85,18.1,107,Moderate
60,120.5,23.7,13.82,0.91,10.6,25.97,109,Moderate
52.75,113,14.3,13.78,0.91,9.55,38.22,110,Moderate
47.25,109,11.85,15.9,4.51,14,46.55,131,Moderate
45,114.75,12.83,15.65,0.55,13.83,49.5,131,Moderate
41.75,96,10.92,15.05,0.5,12.73,48,131,Moderate
40.25,82.75,7.07,14.45,0.45,10.88,47.05,131,Moderate
46,81.25,11.67,11.6,0.57,8.6,40.68,131,Moderate
44.5,89.25,11.15,12.45,0.52,7.63,34.8,131,Moderate
50.5,97.25,20.3,12.7,0.6,9.88,27.95,131,Moderate
56.5,124.25,32.1,13.37,0.73,10.55,18.6,114,Moderate
63.75,160.25,37.07,14.28,0.78,9.75,12.75,116,Moderate
72,139.75,31.45,14.55,0.78,9.8,9.8,116,Moderate
67,139,24.63,13.97,0.78,8.93,10.8,116,Moderate
67.75,113,37.82,13.38,0.86,9.45,7.8,115,Moderate
72.5,140.25,42.7,14.47,0.86,8.85,7.33,114,Moderate
64.5,149.75,36.6,15.7,0.91,10.42,9.8,113,Moderate
71,121.75,44.25,14.12,1,9.55,4.9,113,Moderate
69,120.5,43.25,13.23,0.93,8.9,11.8,113,Moderate
71.75,120.25,44.58,15.88,1,10.42,4.9,113,Moderate
72.5,124.5,34.9,17.85,1.04,10.55,10.3,113,Moderate
77,129,30.75,17.98,1.23,9.4,8.3,113,Moderate
67.25,138,22.4,19.65,1.12,8.8,12.75,114,Moderate
63.5,109,20.1,18.43,1,8.48,16.65,113,Moderate
59.75,104,14.25,17.92,0.86,11.05,25.47,112,Moderate
62.25,104,16.38,19.65,0.9,14.75,33.32,112,Moderate
63.75,119.5,13.3,22.2,0.37,26.05,60.28,112,Moderate
66,110.5,12.6,16.75,0.83,21.93,50,112,Moderate
65.5,106,10.37,18.77,1.03,22.42,54.4,112,Moderate
57,110.25,10.72,16.68,0.96,18.57,53.43,112,Moderate
58.5,109,14.22,15.45,1.07,18.2,55.38,113,Moderate
56,113.75,10.7,16,1.08,15.15,49.02,114,Moderate
52.5,114.25,8.97,16.63,0.81,12.78,38.22,114,Moderate
51,106.75,8.7,15.2,0.75,7.8,28.42,115,Moderate
47.75,100,13.1,15.8,0.72,11.68,30.87,115,Moderate
45.5,89.75,10.15,16.3,0.73,10,24.03,114,Moderate
50.5,79.25,18.77,14.25,0.82,9.78,17.6,111,Moderate
53.75,92.5,23.93,14.43,0.89,9.45,15.2,109,Moderate
56.25,118.25,16.53,15.85,0.96,8.15,16.17,109,Moderate
48,131,20.55,14.42,0.77,7.78,14.23,109,Moderate
53.5,103.5,17.23,16.1,0.7,8.23,14.2,108,Moderate
66.75,94.75,33.75,14.35,0.77,8.1,6.85,107,Moderate
57.5,105,44.15,15.45,0.87,7.12,4.9,106,Moderate
59,129.5,47.88,14.62,0.72,7.23,4.43,107,Moderate
58.25,132.25,40.4,14.93,0.47,8.18,4.4,107,Moderate
58.25,138.75,30.43,16.17,0.48,5.2,3.9,107,Moderate
60,143.75,38.77,15.4,0.73,4.38,4.9,107,Moderate
45,122.75,22.45,15.85,0.59,3.9,17.65,108,Moderate
43.5,86,7.32,13.67,0.49,2.85,28.92,107,Moderate
40.75,77.25,10.05,13.08,0.34,2.3,35.75,107,Moderate
45,80.25,7.6,14.2,1.02,4.75,41.18,105,Moderate
40.75,84,12.08,14.15,0.38,8.8,43.12,105,Moderate
37,76.25,8.75,11.82,0.34,7.3,48,104,Moderate
48,80,8.27,13.15,0.48,5.88,52.95,103,Moderate
49.5,86.25,11.48,13.85,0.55,5.25,54.9,102,Moderate
51.5,100.75,12.3,14.42,0.62,7.1,55.38,102,Moderate
45.75,104.5,13.93,15.12,0.68,6.57,49.48,102,Moderate
37.5,101.75,11.7,14.15,0.65,8.95,31.85,102,Moderate
40.25,95.25,12.18,13.12,0.63,8.6,28.4,101,Moderate
37.25,88,11.4,11.78,0.63,6.6,28.9,101,Moderate
44,90.75,22.9,10.38,0.71,10.8,24,102,Moderate
44,88.5,15.9,12.2,0.7,9.67,22.08,102,Moderate
38.5,84,16.02,11.45,0.71,8.53,20.6,101,Moderate
38,87.75,27.17,13.05,0.69,6.65,14.7,99,Satisfactory
40.25,101,13.92,12.22,0.7,6.48,19.1,99,Satisfactory
38,72.75,19.23,13.58,0.73,5.98,18.6,98,Satisfactory
38.75,74.75,16.28,13.3,0.76,4.4,25.45,97,Satisfactory
45,66.5,17.15,13.12,0.83,5.8,21.55,94,Satisfactory
50.5,77,19.22,15.85,0.96,5.48,18.15,92,Satisfactory
55.5,83.75,14.57,16.35,1.14,7.8,20.6,90,Satisfactory
56,88.25,16.75,17.97,1.56,8.78,17.63,87,Satisfactory
51.25,93.25,16.1,15.8,1.07,10.05,26.95,86,Satisfactory
46.5,86,11.15,15.17,0.9,9.12,38.7,86,Satisfactory
47.5,82.25,9.9,14.9,0.83,12.25,46.05,86,Satisfactory
44.25,88,7.6,15.6,0.58,7.38,50,87,Satisfactory
38.5,86,7.67,12.22,0.66,9.8,47.5,87,Satisfactory
37.5,82.5,6.3,12.35,0.62,12.9,48,87,Satisfactory
36,75.5,6.8,12.3,0.62,11.97,47,87,Satisfactory
34,71,6.47,12.3,0.61,11.08,44.57,86,Satisfactory
28,61,7.25,12.15,0.57,10.65,40.2,85,Satisfactory
28.75,58,6.5,12.25,0.64,12.18,38.23,83,Satisfactory
32.75,62.25,9.25,12.65,0.62,4.12,32.35,81,Satisfactory
39.75,79.25,13.7,12.27,0.66,2.45,26.45,80,Satisfactory
45,92.25,15.4,12.08,0.78,7.78,23.53,81,Satisfactory
45.75,89.25,13.28,12.68,0.77,9.78,23.5,80,Satisfactory
48.25,80,16.2,12.55,0.78,9,19.6,80,Satisfactory
48.25,89.25,24.62,13.23,0.83,9.15,13.73,80,Satisfactory
45,100.25,26.25,14.55,0.89,9.95,14.7,81,Satisfactory
42,97.75,16.85,13.05,0.75,8.23,20.08,81,Satisfactory
40,79,31.25,12.5,0.84,8.03,12.75,81,Satisfactory
36.75,94,19.47,13.1,0.72,7.68,21.08,82,Satisfactory
38.5,70.75,11.13,14.17,0.87,6.93,24,82,Satisfactory
47,68.5,15.42,14.25,0.83,5.82,18.63,82,Satisfactory
49.25,84.5,36.55,14.48,1.03,7.65,9.8,82,Satisfactory
45.75,96.25,34.58,14.07,1.03,8.28,13.25,82,Satisfactory
36.5,101,14.23,14.08,0.71,7.35,27.45,82,Satisfactory
19.5,70,12.78,12.58,0.39,6.93,28.9,82,Satisfactory
17.75,49.5,10.77,13.12,0.41,6,27.9,80,Satisfactory
17,49.75,13.5,12.6,0.24,8.35,27.4,79,Satisfactory
20,46,14.05,12.2,0.53,9.83,30.85,77,Satisfactory
18.75,64.25,14.83,16.97,0.43,6.48,31.87,76,Satisfactory
24.75,57.5,14.85,15.97,0.49,6.95,37.73,75,Satisfactory
25.25,54.5,14.45,15.83,0.57,8.18,36.25,75,Satisfactory
22.75,58.75,12.55,14.18,0.57,7.28,33.32,75,Satisfactory
27.75,59,12.9,8.72,0.55,7.65,28.9,75,Satisfactory
19.25,64.25,21.88,8.4,0.52,7.7,19.13,75,Satisfactory
25.75,80,25.75,8.48,0.64,7.48,11.78,75,Satisfactory
32.75,104,18.57,9.2,0.67,7.2,11.3,75,Satisfactory
30,91.25,18.15,9.5,0.85,8.05,9.8,75,Satisfactory
33.75,77.25,22.33,8.42,0.89,8.88,5.88,75,Satisfactory
34.75,78.5,28.4,10.35,0.77,9.52,2.48,75,Satisfactory
31.5,100.5,24.55,10.53,0.81,12.42,2.95,75,Satisfactory
30.25,85.75,28.32,10.5,0.72,10.4,3.43,74,Satisfactory
22,98.5,29.53,12.3,0.72,10.25,5.9,75,Satisfactory
22.25,90,24.02,13.05,0.72,8.05,4.9,75,Satisfactory
25,88,24.95,11.4,0.72,8.08,3.45,76,Satisfactory
32,119.25,30.28,10.75,0.69,9.25,2,78,Satisfactory
36,117.25,37.02,10.55,1.07,10.53,2.95,79,Satisfactory
36.5,98.25,32.33,11.98,0.92,10.2,2.95,79,Satisfactory
27.5,83.5,20.97,13.27,0.9,9.8,10.3,79,Satisfactory
22.5,53.5,15.25,13.33,0.83,10.02,18.62,78,Satisfactory
20.75,49,14.67,13.13,0.77,11.4,25,78,Satisfactory
20.75,52.5,19.7,15.75,0.58,12.57,25.97,78,Satisfactory
21.5,64.75,11.92,14.48,0.75,10.53,32.33,79,Satisfactory
18.25,63,13.97,10.78,0.41,5.9,36.25,79,Satisfactory
15.25,55.25,11.12,10.43,0.34,9.35,39.7,79,Satisfactory
22.5,55.25,12.75,9.52,0.4,9.05,40.2,79,Satisfactory
24,64,11.15,10.7,0.48,9.12,39.2,79,Satisfactory
25.25,72.25,12.2,10.35,0.61,11.5,36.25,79,Satisfactory
28.5,81.75,20.15,10.12,0.64,8,27.42,80,Satisfactory
28,94.25,19.95,10.6,0.77,6.67,16.65,81,Satisfactory
29.5,107,22.28,11.25,0.88,6.17,9.3,81,Satisfactory
26,98.75,18.15,11.45,0.86,8.87,4.4,81,Satisfactory
27,69.75,16.07,12.73,0.85,8.78,3.9,81,Satisfactory
26.75,57,25.35,9.9,0.75,8.18,2,80,Satisfactory
25.5,81.5,19.28,12.48,0.9,4.77,3.9,79,Satisfactory
22.75,54.25,19.05,11.8,0.94,2.5,4.4,78,Satisfactory
20.75,41,17.1,11.72,0.69,3.02,4.9,75,Satisfactory
26,48.5,17.7,12.5,0.77,3.85,2.95,74,Satisfactory
25.5,62.25,18.5,12.08,0.61,2.22,2,73,Satisfactory
28.25,61.5,22.35,12.88,0.4,1.4,2,70,Satisfactory
38,68.75,24.95,14.27,0.52,7.32,3.9,68,Satisfactory
26.25,97.75,20.6,11.98,0.56,10.15,3.45,68,Satisfactory
18.25,72.75,13.28,12.85,0.61,9.38,6.38,68,Satisfactory
18.75,51.75,8.1,12.42,0.36,6.53,12.28,68,Satisfactory
21,45.5,9.72,11.75,0.61,6.8,19.6,68,Satisfactory
27,50,10.8,13.45,0.23,14.65,25.45,67,Satisfactory
21.25,57.5,9.32,20.08,0.45,14.25,28.9,67,Satisfactory
30.75,54.25,10.5,10.97,0.41,17.57,31.35,67,Satisfactory
29.75,58.25,10.23,12.22,0.36,15.4,31.85,67,Satisfactory
26,62,12.6,10.82,0.38,13.8,28.4,67,Satisfactory
17,68.25,9.62,25.55,0.43,12.7,25.95,67,Satisfactory
